true_product_number,url
6,https://www.aia.com.hk/en/products/life?highlights=&product=&productFeatures=&priceMin=0&priceMax=1000&sortBy=popularity&filterTab=
11,https://www.aia.com.hk/en/products/save?highlights=&product=&productFeatures=&priceMin=0&priceMax=1000&sortBy=popularity&filterTab=
5,https://www.aia.com.hk/en/products/general-insurance?highlights=&product=&productFeatures=&priceMin=0&priceMax=1000&sortBy=popularity&filterTab=
29, https://www.aia.com.hk/en/products/health?highlights=&product=&productFeatures=&priceMin=0&priceMax=1000&sortBy=popularity&filterTab=
8,https://www.prudential.com.hk/sc/products/health/#critical-illness-0-tab
16,https://www.prudential.com.hk/sc/products/health/#medical-1-tab
6,https://www.prudential.com.hk/sc/products/health/#accident-and-disability-2-tab
6,https://www.prudential.com.hk/sc/products/life/
9,https://www.prudential.com.hk/sc/products/save/
7,https://www.prudential.com.hk/sc/products/save/#retirement-1-tab
1,https://www.prudential.com.hk/sc/products/investment/
5,https://www.prudential.com.hk/tc/products/home-and-pet/
3,https://www.prudential.com.hk/tc/products/travel-and-leisure/#tab-0
4,https://www.prudential.com.hk/tc/products/travel-and-leisure/#tab-1

